-3,1.66e+06,0,4.64e+05,1.38e+06,6.29e+05,9.36e+05,1.65e+06,1.17e+06,2.03e+06,7.23e+05,9.51e+05,1.45e+06,1.04e+06,1.53e+06,1.55e+06,2.22e+06,1.64e+06,9.99e+05,1.8e+06,2.33e+06,1.67e+06,1.13e+06,1.81e+06,1.1988e+06,1.0243e+06,1.8121e+06,1.6654e+06,2.2343e+06,1.9038e+06,1.7078e+06,1.5e+06,2.98e+06,5.51e+05,1.57e+06,6.9e+05,1.08e+06,1.49e+06,9.63e+05,1.57e+06,7.85e+05,1.33e+06,1.69e+06,1.06e+06,2.03e+06,1.24e+06,1.53e+06,2.27e+06,1.05e+06,1.69e+06,2.77e+06,1.59e+06,1.51e+06,2.12e+06,1.6181e+06,1.4163e+06,1.4052e+06,2.1014e+06,1.8428e+06,1.411e+06,1.7132e+06
-2,1.63e+06,0,5.65e+05,1.53e+06,6.97e+05,9.83e+05,1.66e+06,1.28e+06,3.35e+06,8.48e+05,1.15e+06,1.63e+06,1.28e+06,1.76e+06,1.79e+06,2.52e+06,2.18e+06,1.17e+06,2.41e+06,2.63e+06,1.86e+06,1.26e+06,2.07e+06,1.4281e+06,1.3357e+06,2.2697e+06,2.1235e+06,3.0545e+06,2.2123e+06,1.6856e+06,1.56e+06,3.92e+06,6.65e+05,1.75e+06,7.28e+05,1.42e+06,1.7e+06,1.11e+06,1.83e+06,7.78e+05,1.57e+06,1.92e+06,1.2e+06,2.28e+06,1.39e+06,1.85e+06,2.48e+06,1.14e+06,1.87e+06,3.74e+06,1.93e+06,1.75e+06,2.51e+06,1.924e+06,1.9899e+06,2.0548e+06,2.335e+06,2.5417e+06,2.1074e+06,2.4426e+06
-1,1.28e+06,0,5.29e+05,1.38e+06,5.92e+05,8.71e+05,1.14e+06,1.62e+06,3.24e+06,9.18e+05,1.14e+06,1.53e+06,1.16e+06,1.39e+06,1.17e+06,2.55e+06,2.23e+06,1.37e+06,2.15e+06,1.87e+06,1.48e+06,1.01e+06,1.47e+06,1.1658e+06,1.4975e+06,2.2386e+06,1.7759e+06,2.5873e+06,1.6693e+06,1.125e+06,1.01e+06,4.6e+06,5.5e+05,1.28e+06,5.97e+05,1.4e+06,1.41e+06,9.94e+05,1.82e+06,7.24e+05,1.28e+06,1.61e+06,1.02e+06,2.7e+06,9.46e+05,1.78e+06,2.36e+06,7.3e+05,1.76e+06,3.66e+06,2.17e+06,1.46e+06,2.18e+06,1.6069e+06,1.8465e+06,2.392e+06,2.3617e+06,2.5224e+06,2.3766e+06,2.3325e+06
0,1.94e+06,0,8.47e+05,2.46e+06,1.37e+06,1.68e+06,2.61e+06,2.14e+06,2.5e+06,1.19e+06,2.08e+06,2.46e+06,1.56e+06,1.62e+06,2.53e+06,2.91e+06,2.88e+06,1.84e+06,2.68e+06,3e+06,1.96e+06,2.01e+06,2.28e+06,1.4882e+06,1.3187e+06,2.3929e+06,3.8059e+06,3.5342e+06,1.8692e+06,2.2738e+06,1.74e+06,3.15e+06,9.55e+05,2.38e+06,1.24e+06,1.83e+06,2.12e+06,1.67e+06,2.23e+06,1.07e+06,2.39e+06,2.54e+06,1.63e+06,2.61e+06,1.99e+06,2.09e+06,3.18e+06,1.99e+06,2.44e+06,3.14e+06,2.01e+06,2.79e+06,2.47e+06,2.7178e+06,1.7686e+06,1.6569e+06,3.3015e+06,2.2761e+06,2.0361e+06,2.396e+06
1,2.45e+06,0,9.57e+05,2.67e+06,1.44e+06,1.94e+06,3.03e+06,2.63e+06,3.24e+06,1.37e+06,2.38e+06,2.92e+06,1.63e+06,2.08e+06,3.02e+06,3.69e+06,3.18e+06,1.88e+06,2.95e+06,3.54e+06,2.57e+06,2.34e+06,2.41e+06,1.6963e+06,1.5704e+06,2.8913e+06,3.6498e+06,4.1298e+06,2.4895e+06,2.8303e+06,2.06e+06,3.58e+06,1.07e+06,2.73e+06,1.25e+06,2.13e+06,2.33e+06,1.96e+06,2.81e+06,1.29e+06,2.75e+06,3.01e+06,2e+06,3.24e+06,2.21e+06,2.32e+06,3.58e+06,2.38e+06,2.96e+06,4.03e+06,2.81e+06,3.06e+06,3.38e+06,3.0865e+06,2.1391e+06,2.2942e+06,3.8975e+06,3.2576e+06,2.7002e+06,3.1163e+06
2,2.49e+06,0,9.3e+05,2.49e+06,1.3e+06,1.85e+06,2.81e+06,2.4e+06,2.77e+06,1.34e+06,2.34e+06,2.62e+06,1.47e+06,1.97e+06,2.74e+06,3.57e+06,3.02e+06,1.84e+06,2.76e+06,3.38e+06,2.47e+06,2.28e+06,2.19e+06,1.6346e+06,1.4344e+06,2.6635e+06,3.2549e+06,3.8262e+06,2.6032e+06,2.7337e+06,1.76e+06,3.1e+06,1.01e+06,2.46e+06,1.24e+06,1.89e+06,2.36e+06,1.81e+06,2.48e+06,1.32e+06,2.49e+06,2.79e+06,1.81e+06,3.14e+06,2.04e+06,2.04e+06,3.63e+06,2.1e+06,2.53e+06,3.86e+06,2.38e+06,2.9e+06,2.97e+06,2.8575e+06,1.911e+06,2.2369e+06,3.6529e+06,2.9092e+06,2.4366e+06,2.958e+06
3,2.34e+06,0,8.86e+05,2.28e+06,1.14e+06,1.69e+06,2.35e+06,2.23e+06,2.93e+06,1.3e+06,2.09e+06,2.45e+06,1.35e+06,1.87e+06,2.4e+06,3.01e+06,2.69e+06,1.76e+06,2.62e+06,3e+06,2.14e+06,2.12e+06,2.13e+06,1.5558e+06,1.3959e+06,2.2814e+06,2.8763e+06,3.3398e+06,2.4228e+06,2.5047e+06,1.43e+06,2.88e+06,9.87e+05,2.24e+06,1.23e+06,1.59e+06,2.18e+06,1.61e+06,2.23e+06,1.3e+06,2.14e+06,2.49e+06,1.7e+06,2.92e+06,1.9e+06,2.06e+06,3.27e+06,1.76e+06,2.28e+06,3.39e+06,2.22e+06,2.73e+06,2.89e+06,2.8143e+06,1.8795e+06,1.9446e+06,3.5689e+06,2.8174e+06,2.0426e+06,2.492e+06
4,2.09e+06,0,8.26e+05,2.11e+06,1.05e+06,1.53e+06,2.04e+06,2.2e+06,2.47e+06,1.28e+06,1.87e+06,2.27e+06,1.29e+06,1.73e+06,2.32e+06,2.68e+06,2.63e+06,1.64e+06,2.48e+06,2.69e+06,1.85e+06,2.01e+06,2.11e+06,1.6696e+06,1.3258e+06,2.1717e+06,2.7021e+06,3.1734e+06,2.3205e+06,2.2813e+06,1.3e+06,2.6e+06,9.41e+05,2.11e+06,1.2e+06,1.46e+06,2e+06,1.46e+06,2.08e+06,1.26e+06,1.96e+06,2.28e+06,1.62e+06,2.64e+06,1.7e+06,1.98e+06,2.99e+06,1.48e+06,2.29e+06,3.31e+06,2.02e+06,2.52e+06,2.75e+06,2.6799e+06,1.7993e+06,1.6755e+06,3.3593e+06,2.6811e+06,1.8468e+06,2.2378e+06
5,1.87e+06,0,7.95e+05,1.99e+06,9.83e+05,1.37e+06,1.73e+06,2.16e+06,2.23e+06,1.22e+06,1.83e+06,2.21e+06,1.28e+06,1.62e+06,2.21e+06,2.58e+06,2.64e+06,1.5e+06,2.58e+06,2.54e+06,1.66e+06,1.9e+06,2.06e+06,1.6412e+06,1.2341e+06,1.9996e+06,2.5339e+06,2.9057e+06,2.0459e+06,2.0795e+06,1.22e+06,2.6e+06,8.96e+05,2.04e+06,1.13e+06,1.35e+06,1.81e+06,1.36e+06,1.93e+06,1.18e+06,1.84e+06,2.12e+06,1.51e+06,2.39e+06,1.51e+06,1.83e+06,2.8e+06,1.33e+06,2.23e+06,3.34e+06,1.79e+06,2.27e+06,2.53e+06,2.4481e+06,1.7484e+06,1.6925e+06,3.0359e+06,2.5238e+06,1.7357e+06,2.0948e+06
6,1.72e+06,0,7.57e+05,1.85e+06,9.31e+05,1.22e+06,1.6e+06,1.99e+06,2.23e+06,1.11e+06,1.71e+06,1.97e+06,1.26e+06,1.55e+06,2.07e+06,2.41e+06,2.6e+06,1.37e+06,2.55e+06,2.4e+06,1.52e+06,1.83e+06,1.95e+06,1.442e+06,1.1584e+06,1.7926e+06,2.3713e+06,2.5562e+06,1.9181e+06,1.9157e+06,1.21e+06,2.71e+06,8.22e+05,1.94e+06,1.04e+06,1.22e+06,1.65e+06,1.26e+06,1.8e+06,1.06e+06,1.71e+06,2.02e+06,1.37e+06,2.14e+06,1.44e+06,1.61e+06,2.46e+06,1.24e+06,2.04e+06,2.65e+06,1.6e+06,2.2e+06,2.43e+06,2.2303e+06,1.7419e+06,1.7108e+06,2.6321e+06,2.3021e+06,1.7005e+06,1.991e+06
7,1.62e+06,0,7.54e+05,1.73e+06,9.41e+05,1.17e+06,1.57e+06,1.8e+06,1.98e+06,1.04e+06,1.55e+06,1.91e+06,1.24e+06,1.48e+06,1.89e+06,2.31e+06,2.45e+06,1.21e+06,2.4e+06,2.14e+06,1.46e+06,1.7e+06,2.07e+06,1.2447e+06,1.069e+06,1.553e+06,2.4354e+06,2.3133e+06,1.7911e+06,1.7913e+06,1.18e+06,2.59e+06,7.83e+05,1.85e+06,9.3e+05,1.14e+06,1.48e+06,1.17e+06,1.78e+06,9.54e+05,1.74e+06,1.94e+06,1.22e+06,1.97e+06,1.38e+06,1.53e+06,2.44e+06,1.16e+06,2e+06,2.59e+06,1.55e+06,2.04e+06,2.29e+06,2.0982e+06,1.6805e+06,1.6079e+06,2.472e+06,2.2875e+06,1.6726e+06,1.8832e+06
8,1.55e+06,0,7.32e+05,1.79e+06,8.89e+05,1.16e+06,1.53e+06,1.64e+06,1.87e+06,1.01e+06,1.47e+06,1.87e+06,1.19e+06,1.4e+06,1.72e+06,2.12e+06,2.24e+06,1.04e+06,2.22e+06,1.83e+06,1.38e+06,1.48e+06,2.11e+06,1.0498e+06,9.5569e+05,1.3731e+06,2.5273e+06,2.2832e+06,1.6712e+06,1.6232e+06,1.16e+06,2.46e+06,8.45e+05,1.77e+06,8.46e+05,1.07e+06,1.39e+06,1.13e+06,1.64e+06,8.58e+05,1.57e+06,1.9e+06,1.09e+06,1.83e+06,1.28e+06,1.4e+06,2.61e+06,1.2e+06,1.87e+06,2.61e+06,1.43e+06,1.86e+06,2.11e+06,2.0401e+06,1.5791e+06,1.568e+06,2.7854e+06,2.2617e+06,1.5845e+06,1.7704e+06
9,1.54e+06,0,6.95e+05,1.86e+06,8.07e+05,1.15e+06,1.43e+06,1.5e+06,2.02e+06,9.49e+05,1.58e+06,1.93e+06,1.1e+06,1.34e+06,1.56e+06,2.31e+06,2.29e+06,1.04e+06,2.1e+06,1.76e+06,1.3e+06,1.51e+06,2.08e+06,1.0998e+06,8.9189e+05,1.4082e+06,2.5436e+06,2.0988e+06,1.614e+06,1.4867e+06,1.18e+06,2.37e+06,8.78e+05,1.59e+06,7.59e+05,9.93e+05,1.37e+06,1.16e+06,1.51e+06,7.63e+05,1.41e+06,1.89e+06,9.6e+05,1.72e+06,1.14e+06,1.28e+06,2.56e+06,1.25e+06,1.79e+06,2.52e+06,1.43e+06,1.81e+06,2.19e+06,2.1401e+06,1.4748e+06,1.5089e+06,2.8364e+06,2.6115e+06,1.4931e+06,1.6894e+06
10,1.56e+06,0,6.97e+05,1.4e+06,6.94e+05,1.11e+06,1.36e+06,1.36e+06,1.74e+06,8.62e+05,1.08e+06,1.7e+06,1.04e+06,1.27e+06,1.4e+06,2.03e+06,2.31e+06,1.03e+06,1.91e+06,1.54e+06,1.25e+06,1.51e+06,1.94e+06,9.5825e+05,9.109e+05,1.3441e+06,2.3113e+06,1.8098e+06,1.4921e+06,1.327e+06,1.15e+06,2.29e+06,8.8e+05,1.54e+06,7.67e+05,9e+05,1.11e+06,1.13e+06,1.34e+06,7.75e+05,1.14e+06,1.73e+06,8.86e+05,1.64e+06,1.07e+06,1.16e+06,2.59e+06,1.23e+06,1.72e+06,2.29e+06,1.37e+06,1.55e+06,2.19e+06,1.6158e+06,1.5991e+06,1.5521e+06,2.5148e+06,2.1164e+06,1.4238e+06,1.4862e+06
11,1.48e+06,0,7.16e+05,1.19e+06,6.24e+05,1.04e+06,1.21e+06,1.2e+06,1.63e+06,8.03e+05,1.8e+06,1.75e+06,1.01e+06,1.32e+06,1.28e+06,1.72e+06,2.6e+06,1.07e+06,1.73e+06,1.46e+06,1.24e+06,1.27e+06,1.82e+06,8.5773e+05,9.0563e+05,1.2644e+06,1.8671e+06,1.6694e+06,1.2794e+06,1.1868e+06,1.06e+06,2.11e+06,8.53e+05,1.52e+06,7.62e+05,8.38e+05,1.04e+06,1.05e+06,1.23e+06,7.6e+05,1.11e+06,1.33e+06,8.52e+05,1.54e+06,9.44e+05,1.11e+06,2.28e+06,1.22e+06,1.8e+06,2.15e+06,1.34e+06,1.39e+06,2.03e+06,1.183e+06,1.4213e+06,1.4065e+06,2.0055e+06,2.0669e+06,1.3217e+06,1.4223e+06
12,1.33e+06,0,7.29e+05,1.57e+06,6.19e+05,9.24e+05,1.28e+06,1.08e+06,1.71e+06,7.46e+05,1.21e+06,1.56e+06,9.56e+05,1.32e+06,9.37e+05,1.48e+06,2.66e+06,1.09e+06,1.56e+06,1.39e+06,1.25e+06,1.11e+06,1.64e+06,7.9325e+05,9.2581e+05,1.1961e+06,1.6614e+06,1.4616e+06,1.2419e+06,1.0856e+06,9.87e+05,1.94e+06,8e+05,1.31e+06,7.22e+05,8.05e+05,9.43e+05,9.06e+05,1.19e+06,7.81e+05,1.02e+06,1.07e+06,8.65e+05,1.38e+06,8.05e+05,1.1e+06,2.16e+06,1.14e+06,1.57e+06,1.96e+06,1.35e+06,1.35e+06,2.05e+06,1.2511e+06,1.292e+06,1.1903e+06,1.7435e+06,1.7708e+06,1.1989e+06,1.3371e+06
13,1.23e+06,0,7.04e+05,1.19e+06,6.33e+05,8.29e+05,1.42e+06,9.89e+05,1.71e+06,8.14e+05,1.04e+06,1.13e+06,8.61e+05,1.21e+06,1.11e+06,1.54e+06,2.09e+06,1.22e+06,1.44e+06,1.36e+06,1.18e+06,9.61e+05,1.6e+06,8.2123e+05,9.6002e+05,1.1638e+06,1.5373e+06,1.7034e+06,1.1933e+06,1.0263e+06,1.09e+06,1.99e+06,7.35e+05,1.26e+06,6.44e+05,9.65e+05,1.04e+06,9.66e+05,1.33e+06,7.84e+05,1.09e+06,1.28e+06,8.63e+05,1.39e+06,8.05e+05,1.16e+06,1.74e+06,1.1e+06,1.31e+06,1.76e+06,1.21e+06,1.15e+06,2.01e+06,1.4696e+06,1.1432e+06,1.0795e+06,1.6966e+06,1.6248e+06,1.1924e+06,1.5651e+06
14,1.21e+06,0,6.39e+05,1.31e+06,6.13e+05,7.95e+05,1.11e+06,9.82e+05,1.65e+06,8.4e+05,8.6e+05,1.41e+06,8.01e+05,1.09e+06,1.4e+06,1.19e+06,2.1e+06,1.12e+06,1.42e+06,1.3e+06,1.15e+06,7.85e+05,1.46e+06,9.7972e+05,9.7082e+05,1.0643e+06,1.55e+06,1.6245e+06,1.1733e+06,1.6698e+06,1.09e+06,1.73e+06,7.22e+05,1.14e+06,6.09e+05,9.24e+05,9.09e+05,9.41e+05,1.49e+06,8.64e+05,1.19e+06,1.03e+06,8.55e+05,1.52e+06,9.48e+05,1.15e+06,2.05e+06,1.04e+06,1.44e+06,1.63e+06,1.49e+06,1.56e+06,2.14e+06,1.5833e+06,1.215e+06,1.0312e+06,1.9966e+06,1.5879e+06,1.2419e+06,1.6213e+06
15,1.15e+06,0,6.07e+05,1.67e+06,5.81e+05,9.1e+05,1.1e+06,1.26e+06,1.66e+06,8.27e+05,1.14e+06,1.22e+06,8.42e+05,1.2e+06,1.13e+06,1.69e+06,2.17e+06,1.1e+06,1.33e+06,1.38e+06,1.12e+06,7.65e+05,1.65e+06,1.1015e+06,9.3847e+05,1.0719e+06,1.6077e+06,1.399e+06,1.2594e+06,1.0248e+06,1.01e+06,1.73e+06,6.82e+05,1.52e+06,6.08e+05,8.58e+05,1.08e+06,8.54e+05,1.59e+06,9.21e+05,1.19e+06,1.07e+06,8.88e+05,1.19e+06,9.22e+05,1.08e+06,2.01e+06,9.56e+05,1.55e+06,1.79e+06,1.09e+06,1.18e+06,1.63e+06,1.0825e+06,1.2747e+06,1.0293e+06,1.4691e+06,2.065e+06,1.4491e+06,1.7442e+06
16,1.2e+06,0,6.15e+05,1.37e+06,6.01e+05,1.15e+06,1.37e+06,1.48e+06,1.67e+06,8.09e+05,1.61e+06,1.5e+06,9.88e+05,1.21e+06,1.25e+06,2.04e+06,2.11e+06,1.07e+06,1.38e+06,1.43e+06,1.14e+06,1.15e+06,1.5e+06,1.0901e+06,8.9944e+05,1.1087e+06,1.6922e+06,1.6874e+06,1.2486e+06,1.1488e+06,9.47e+05,1.66e+06,6.39e+05,1.35e+06,5.98e+05,8.94e+05,1.24e+06,8.48e+05,1.71e+06,8.96e+05,1.66e+06,1.08e+06,8.38e+05,1.3e+06,1.09e+06,1.06e+06,1.62e+06,8.69e+05,1.36e+06,2.03e+06,1.15e+06,1.5e+06,1.47e+06,1.6954e+06,1.2701e+06,1.1443e+06,1.3501e+06,1.8987e+06,1.2475e+06,1.4886e+06
17,1.27e+06,0,6.32e+05,1.26e+06,6.81e+05,1.1e+06,1.35e+06,1.33e+06,1.77e+06,7.96e+05,1.23e+06,1.76e+06,1e+06,1.02e+06,1.75e+06,1.9e+06,1.79e+06,1.01e+06,1.45e+06,1.5e+06,1.14e+06,1.44e+06,1.59e+06,1.0769e+06,9.3577e+05,1.2057e+06,1.8835e+06,1.65e+06,1.196e+06,1.1321e+06,8.98e+05,1.77e+06,6.54e+05,1.5e+06,6.25e+05,9.39e+05,1.22e+06,8.1e+05,1.89e+06,7.91e+05,1.4e+06,1.1e+06,7.52e+05,1.37e+06,1.06e+06,1.02e+06,1.77e+06,8.64e+05,1.34e+06,1.75e+06,1.42e+06,1.95e+06,1.38e+06,2.1397e+06,1.2082e+06,1.1895e+06,1.4785e+06,2.438e+06,1.2094e+06,1.725e+06
18,1.25e+06,0,6.4e+05,1.23e+06,7.7e+05,1.09e+06,1.25e+06,1.22e+06,1.54e+06,7.31e+05,1.02e+06,1.64e+06,9.61e+05,9.64e+05,1.85e+06,2.08e+06,1.77e+06,9.05e+05,1.52e+06,1.64e+06,1.12e+06,1.08e+06,1.54e+06,1.0289e+06,9.0112e+05,1.2862e+06,2.1389e+06,1.8224e+06,1.2338e+06,1.1253e+06,8.42e+05,1.64e+06,6.75e+05,1.73e+06,6.55e+05,9.54e+05,1.22e+06,7.58e+05,1.54e+06,7.16e+05,1.37e+06,1.26e+06,7.68e+05,1.51e+06,1.06e+06,9.73e+05,1.79e+06,8.51e+05,1.91e+06,2.17e+06,1.44e+06,1.39e+06,1.64e+06,2.1229e+06,1.2007e+06,1.1467e+06,1.5079e+06,2.3295e+06,1.24e+06,1.5351e+06
19,1.25e+06,0,6.17e+05,1.75e+06,8.3e+05,1.15e+06,1.29e+06,1.21e+06,1.42e+06,7.08e+05,1.19e+06,2.07e+06,9.81e+05,9.5e+05,1.33e+06,2.04e+06,1.69e+06,9.71e+05,1.63e+06,1.68e+06,1.06e+06,1.42e+06,1.44e+06,9.9923e+05,8.6665e+05,1.3295e+06,2.1239e+06,2.1575e+06,1.2492e+06,1.2187e+06,9.28e+05,1.75e+06,6.9e+05,1.24e+06,7.01e+05,9.94e+05,1.26e+06,8.29e+05,1.64e+06,6.86e+05,1.27e+06,1.31e+06,8.75e+05,1.56e+06,1.05e+06,1.07e+06,1.61e+06,8.37e+05,2.19e+06,1.95e+06,1.19e+06,1.84e+06,1.54e+06,2.2296e+06,1.2214e+06,1.1184e+06,1.62e+06,1.7568e+06,1.3131e+06,1.4609e+06
20,1.21e+06,0,6.49e+05,1.71e+06,8.36e+05,1.12e+06,1.29e+06,1.21e+06,1.47e+06,7.02e+05,1.29e+06,1.44e+06,1.07e+06,9.86e+05,1.5e+06,1.45e+06,1.58e+06,9.93e+05,1.7e+06,1.59e+06,1.03e+06,1.43e+06,1.47e+06,9.7346e+05,8.2917e+05,1.3004e+06,2.1564e+06,1.99e+06,1.2971e+06,1.285e+06,9.78e+05,1.8e+06,6.82e+05,1.46e+06,7.73e+05,1.02e+06,1.36e+06,8.87e+05,1.55e+06,6.96e+05,1.24e+06,1.33e+06,9.5e+05,1.41e+06,1e+06,1.12e+06,2.12e+06,8.16e+05,1.96e+06,2.02e+06,1.74e+06,1.81e+06,1.7e+06,1.7962e+06,1.1988e+06,1.0635e+06,2.1291e+06,2.0646e+06,1.3113e+06,1.3218e+06
21,1.22e+06,0,6.65e+05,1.66e+06,8.23e+05,1.03e+06,1.28e+06,1.19e+06,1.5e+06,7.37e+05,1.34e+06,1.33e+06,1.09e+06,1e+06,1.53e+06,1.35e+06,1.76e+06,9.98e+05,1.68e+06,1.55e+06,1.11e+06,1.37e+06,1.54e+06,9.916e+05,7.9289e+05,1.2533e+06,2.2501e+06,2.0675e+06,1.3021e+06,1.2747e+06,9.9e+05,2.07e+06,6.62e+05,1.4e+06,8.15e+05,1.01e+06,1.34e+06,9.32e+05,1.48e+06,7.12e+05,1.22e+06,1.34e+06,1e+06,1.48e+06,9.88e+05,1.16e+06,1.92e+06,8.35e+05,1.57e+06,2.03e+06,1.33e+06,1.83e+06,1.83e+06,1.9733e+06,1.1745e+06,9.9876e+05,2.2232e+06,1.9304e+06,1.2749e+06,1.3016e+06
22,1.17e+06,0,6.48e+05,1.4e+06,8.93e+05,9.87e+05,1.27e+06,1.21e+06,1.5e+06,7.38e+05,1.32e+06,1.31e+06,9.77e+05,1.05e+06,1.51e+06,1.5e+06,1.84e+06,9.82e+05,1.79e+06,1.53e+06,1.16e+06,1.18e+06,1.45e+06,1.0014e+06,7.8104e+05,1.1705e+06,1.9975e+06,1.9777e+06,1.266e+06,1.252e+06,9.1e+05,1.81e+06,6.15e+05,1.3e+06,8.22e+05,9.68e+05,1.31e+06,9.71e+05,1.42e+06,7.49e+05,1.21e+06,1.34e+06,1.06e+06,1.49e+06,9.74e+05,1.16e+06,2e+06,8.41e+05,1.38e+06,2.26e+06,1.31e+06,1.41e+06,1.87e+06,1.6719e+06,1.1789e+06,1.0012e+06,2.2756e+06,1.9236e+06,1.2078e+06,1.319e+06
23,1.16e+06,0,6.33e+05,1.37e+06,9.38e+05,1.01e+06,1.24e+06,1.2e+06,1.45e+06,7.2e+05,1.22e+06,1.31e+06,8.33e+05,1.06e+06,1.42e+06,1.57e+06,2.04e+06,9.86e+05,1.82e+06,1.42e+06,1.2e+06,1.17e+06,1.69e+06,9.5712e+05,7.5342e+05,1.0941e+06,1.7616e+06,1.8761e+06,1.2999e+06,1.2625e+06,7.99e+05,1.69e+06,5.98e+05,1.32e+06,8.06e+05,9.23e+05,1.23e+06,9.81e+05,1.4e+06,7.32e+05,1.21e+06,1.29e+06,1.05e+06,1.51e+06,9.45e+05,1.14e+06,2.44e+06,8.71e+05,1.34e+06,2.14e+06,1.24e+06,1.51e+06,1.95e+06,1.6665e+06,1.1749e+06,9.977e+05,2.4844e+06,1.8706e+06,1.1231e+06,1.2994e+06
24,1.13e+06,0,6.22e+05,1.3e+06,9.27e+05,9.46e+05,1.15e+06,1.26e+06,1.38e+06,7.59e+05,1.13e+06,1.33e+06,8.59e+05,9.8e+05,1.41e+06,1.53e+06,2.27e+06,9.6e+05,1.77e+06,1.33e+06,1.23e+06,1.13e+06,1.25e+06,9.1882e+05,7.56e+05,1.0203e+06,2.0157e+06,1.876e+06,1.3373e+06,1.2528e+06,8.37e+05,1.59e+06,6.09e+05,1.31e+06,7.79e+05,8.68e+05,1.14e+06,1.08e+06,1.3e+06,6.67e+05,1.17e+06,1.25e+06,9.78e+05,1.39e+06,9.79e+05,1.06e+06,2.21e+06,8.85e+05,1.31e+06,1.97e+06,1.17e+06,1.46e+06,1.89e+06,1.5083e+06,1.1264e+06,1.011e+06,2.0175e+06,1.8695e+06,1.0512e+06,1.2816e+06
25,1.06e+06,0,5.88e+05,1.24e+06,8.58e+05,8.69e+05,1.06e+06,1.21e+06,1.24e+06,7.87e+05,1.03e+06,1.24e+06,8.52e+05,9.47e+05,1.35e+06,1.44e+06,1.91e+06,9.5e+05,1.69e+06,1.27e+06,1.23e+06,1.03e+06,1.16e+06,8.9724e+05,7.6071e+05,9.7231e+05,1.7163e+06,1.8e+06,1.2881e+06,1.2096e+06,8.38e+05,1.55e+06,5.84e+05,1.24e+06,7.34e+05,8.22e+05,1.05e+06,1.1e+06,1.18e+06,6.37e+05,1.09e+06,1.19e+06,8.94e+05,1.26e+06,9.77e+05,1.02e+06,2.2e+06,9.18e+05,1.36e+06,1.82e+06,1.06e+06,1.43e+06,1.91e+06,1.5106e+06,9.9511e+05,9.8417e+05,1.7106e+06,1.834e+06,9.8024e+05,1.2088e+06
26,9.18e+05,0,5.75e+05,1.14e+06,8.62e+05,8.35e+05,9.36e+05,1.08e+06,1.1e+06,7.73e+05,9.58e+05,1.07e+06,7.84e+05,9.24e+05,1.15e+06,1.23e+06,1.54e+06,8.81e+05,1.47e+06,1.34e+06,1.13e+06,9.12e+05,1.21e+06,8.3888e+05,7.5249e+05,8.5644e+05,1.5866e+06,1.5655e+06,1.1554e+06,1.1338e+06,7.69e+05,1.34e+06,5.49e+05,1.11e+06,7.29e+05,7.57e+05,1.01e+06,1.04e+06,1.2e+06,6.27e+05,1e+06,1.03e+06,7.72e+05,1.11e+06,8.78e+05,9.18e+05,2.07e+06,8.88e+05,1.29e+06,1.6e+06,9.48e+05,1.33e+06,1.67e+06,1.4532e+06,9.0614e+05,9.1177e+05,1.5419e+06,1.6266e+06,9.1047e+05,1.2303e+06
27,9.29e+05,0,5.46e+05,9.94e+05,7.83e+05,7.56e+05,8.43e+05,9.68e+05,9.14e+05,7.09e+05,9.25e+05,9.8e+05,6.81e+05,8.67e+05,9.95e+05,1.08e+06,1.42e+06,7.96e+05,1.26e+06,1.23e+06,9.74e+05,8.35e+05,1.12e+06,7.3817e+05,7.4006e+05,7.4181e+05,1.5143e+06,1.4146e+06,9.9765e+05,1.0464e+06,6.69e+05,1.22e+06,4.86e+05,9.47e+05,6.73e+05,7.18e+05,8.86e+05,9.51e+05,1.06e+06,5.92e+05,9.49e+05,8.96e+05,6.69e+05,1e+06,8.06e+05,8.28e+05,1.99e+06,7.99e+05,1.14e+06,1.41e+06,8.98e+05,1.18e+06,1.46e+06,1.2721e+06,8.1841e+05,8.0993e+05,1.3309e+06,1.4793e+06,8.4256e+05,1.1397e+06
28,8.51e+05,0,4.64e+05,8.59e+05,6.46e+05,6.39e+05,6.67e+05,7.89e+05,7.5e+05,5.98e+05,8.13e+05,8.33e+05,5.77e+05,7.62e+05,8.52e+05,8.83e+05,1.19e+06,6.94e+05,1.04e+06,1.08e+06,7.9e+05,7.23e+05,8.92e+05,5.8744e+05,6.6917e+05,6.6339e+05,1.398e+06,1.2078e+06,7.9171e+05,8.9227e+05,5.7e+05,1.01e+06,4.22e+05,7.8e+05,5.58e+05,6.19e+05,7.39e+05,8.14e+05,7.81e+05,5.18e+05,8.19e+05,7.18e+05,5.49e+05,8.66e+05,7.33e+05,7.13e+05,1.87e+06,6.71e+05,9.18e+05,1.19e+06,8.07e+05,1.01e+06,1.23e+06,1.0016e+06,6.7843e+05,7.1324e+05,1.0819e+06,1.2151e+06,7.2372e+05,9.0293e+05
29,6.2e+05,0,3.38e+05,6.43e+05,4.77e+05,5.19e+05,5.28e+05,5.19e+05,5.93e+05,4.68e+05,5.91e+05,6.13e+05,4.45e+05,6.21e+05,6.01e+05,6.49e+05,8.58e+05,5.38e+05,7.76e+05,8.18e+05,5.49e+05,5.21e+05,7.45e+05,4.4826e+05,5.1642e+05,5.2307e+05,1.1027e+06,9.4064e+05,5.4376e+05,6.1284e+05,4.55e+05,6.8e+05,3.14e+05,5.44e+05,4.06e+05,4.74e+05,5.74e+05,6.09e+05,5.24e+05,4.17e+05,5.86e+05,5.29e+05,4.33e+05,6.41e+05,6.04e+05,5.2e+05,1.53e+06,5.08e+05,6.9e+05,9.15e+05,6.1e+05,6.75e+05,8.84e+05,7.0992e+05,4.9374e+05,5.4409e+05,7.8725e+05,8.9106e+05,5.3118e+05,5.7154e+05
30,3.34e+05,0,76068,4.71e+05,1.13e+05,2.09e+05,3.35e+05,3.57e+05,5.12e+05,1.3e+05,2.87e+05,4.32e+05,1.18e+05,2.07e+05,4.36e+05,5.55e+05,7.12e+05,2.25e+05,7.24e+05,5.14e+05,3.48e+05,3.16e+05,5.51e+05,1.5813e+05,1.1812e+05,2.9167e+05,7.6449e+05,9.266e+05,3.6934e+05,3.6976e+05,1.43e+05,6.06e+05,76023,4.21e+05,84988,1.37e+05,3.61e+05,1.74e+05,3.93e+05,1.12e+05,3.57e+05,4.03e+05,1.34e+05,4.89e+05,2.11e+05,2.19e+05,8.28e+05,1.43e+05,4.38e+05,8.74e+05,2.9e+05,5.17e+05,7.91e+05,5.2869e+05,2.4343e+05,2.2511e+05,7.236e+05,8.4907e+05,2.6639e+05,3.9981e+05
